ISO,EVENT_ID_CNTY,EVENT_ID_NO_CNTY,EVENT_DATE,YEAR,TIME_PRECISION,EVENT_TYPE,SUB_EVENT_TYPE,ACTOR1,ASSOC_ACTOR_1,INTER1,ACTOR2,ASSOC_ACTOR_2,INTER2,INTERACTION,REGION,COUNTRY,ADMIN1,ADMIN2,ADMIN3,LOCATION,LATITUDE,LONGITUDE,GEO_PRECISION,SOURCE,SOURCE_SCALE,NOTES,FATALITIES,TIMESTAMP
204,BEN1,1,19971010,1997,1,Protests,Peaceful protest,Protesters (Benin),,6,,,0,60,Western Africa,Benin,Littoral,Cotonou,,Cotonou,6.35,2.433,1,Reuters,International,Teachers protest over working conditions,0,1552577678
204,BEN2,2,19971202,1997,1,Protests,Peaceful protest,Protesters (Benin),,6,,,0,60,Western Africa,Benin,Littoral,Cotonou,,Cotonou,6.35,2.433,1,Reuters,International,Teachers protest over working conditions,0,1552577677
204,BEN4,4,19980621,1998,1,Protests,Peaceful protest,Protesters (Benin),,6,,,0,60,Western Africa,Benin,Littoral,Cotonou,,Cotonou,6.35,2.433,1,Reuters,International,Protests over election irregularties,0,1552577675
204,BEN5,5,19980801,1998,1,Violence against civilians,Attack,Police Forces of Benin (1996-2006),,1,Civilians (Benin),,7,17,Western Africa,Benin,Littoral,Cotonou,,Cotonou,6.35,2.433,1,Reuters,International,Journalist killed by officer,1,1552577674
204,BEN6,6,19980807,1998,1,Protests,Peaceful protest,Protesters (Benin),,6,,,0,60,Western Africa,Benin,Littoral,Cotonou,,Cotonou,6.35,2.433,1,Reuters,International,Journalists protest killing of media member,0,1552577674
204,BEN7,7,19990606,1999,1,Violence against civilians,Attack,Military Forces of Benin (1996-2006),,1,Civilians (Benin),,7,17,Western Africa,Benin,Littoral,Cotonou,,Cotonou,6.35,2.433,2,Inter Press Service,International,Member of parliament attacked by military,0,1552577669
204,BEN8,8,19990607,1999,1,Protests,Peaceful protest,Protesters (Benin),,6,,,0,60,Western Africa,Benin,Littoral,Cotonou,,Cotonou,6.35,2.433,1,Inter Press Service,International,Journalists protest against beating of MP member,0,1552577669
204,BEN9,9,20000505,2000,1,Riots,Violent demonstration,Rioters (Benin),Prisoners (Benin),5,Police Forces of Benin (1996-2006),,1,15,Western Africa,Benin,Mono,Lokossa,,Lokossa,6.63,1.72,1,AFP,International,Prisoners riot over countrys judiciary system- killing a guard,1,1561468964
204,BEN10,10,20010119,2001,1,Violence against civilians,Attack,Police Forces of Benin (1996-2006),,1,Civilians (Benin),,7,17,Western Africa,Benin,Atlantique,Abomey-Calavi,,Abomey-Calavi,6.45,2.35,1,AFP,International,two journalists beaten,0,1561468964
204,BEN11,11,20010815,2001,1,Violence against civilians,Attack,Unidentified Armed Group (Benin),,3,Civilians (Benin),,7,37,Western Africa,Benin,Collines,Save,,Okunfo,8.32,2.63,1,IRIN,Other,two people killed while travelling,2,1552577659
204,BEN12,12,20010825,2001,1,Violence against civilians,Attack,Unidentified Armed Group (Benin),,3,Civilians (Benin),,7,37,Western Africa,Benin,Zou,Bohicon,,Bohicon,7.178,2.067,2,AFP,International,Bandits kill 2 people,2,1561468964
204,BEN13,13,20020425,2002,1,Protests,Protest with intervention,Protesters (Benin),PRB: Renaissance Party of Benin,6,Police Forces of Benin (1996-2006),,1,16,Western Africa,Benin,Littoral,Cotonou,,Cotonou,6.35,2.433,1,AFP,International,"""PRB """"protest[ed] against the refusal by the interior ministry to endorse decisions taken at a PRB party congress"""". Police fired teargas at the protesters""",0,1561468964
204,BEN14,14,20030401,2003,1,Violence against civilians,Attack,Police Forces of Benin (1996-2006),,1,Civilians (Benin),,7,17,Western Africa,Benin,Littoral,Cotonou,,Cotonou,6.35,2.433,1,All Africa,Regional,"""Four journalists were beaten, detained and later released by police. The journalists had published a letter from an underground police force that was meant for Benins head of police. The officers said the journalists were being unethical.""",0,1552577651
204,BEN15,15,20030515,2003,1,Protests,Peaceful protest,Protesters (Benin),,6,,,0,60,Western Africa,Benin,Littoral,Cotonou,,Cotonou,6.35,2.433,1,Pan Africa News,Regional,About 100 journalists protested the beating and detaining of four journalists in April 2003 by police forces.,0,1552577651
204,BEN16,16,20040818,2004,1,Battles,Armed clash,Unidentified Armed Group (Benin),Labour Group (Benin),3,Police Forces of Benin (1996-2006),,1,13,Western Africa,Benin,Oueme,Porto-Novo,,Porto-Novo,6.483,2.617,1,Reuters,International,"""Riots broke out between police and fuel vendors. Police were arresting fuel vendors in order to cut down illegal fuel trade- most fuel was illegally bought in Nigeria. During the arrests other fuel vendors responded by attacking police with machetes and firearms. Also vendors set tires on fire and lit a petrol station on fire. Two rioters died and over ten injured.""",2,1552577646
204,BEN17,17,20040906,2004,1,Protests,Peaceful protest,Protesters (Benin),,6,,,0,60,Western Africa,Benin,Oueme,Porto-Novo,,Porto-Novo,6.483,2.617,1,AFP,International,Truckers launched a protest by blocking roads from Cotonou to Novo-Porto and along the border to Nigeria. They were protesting police harassment and brutality.,0,1561468964
204,BEN19,19,20050707,2005,1,Protests,Peaceful protest,Protesters (Benin),,6,,,0,60,Western Africa,Benin,Oueme,Porto-Novo,,Porto-Novo,6.483,2.617,1,Global Insight Daily Analysis,International,"""Propsed new povisions for potential presidential candidates. One new rule would state that the candidate must live in Benin continuously for the year leading up to the election. If passed this would exclude Mathieu Kerekous opponent Yayi Boni from running.""",0,1552577643
204,BEN20,20,20050913,2005,1,Protests,Peaceful protest,Protesters (Benin),,6,,,0,60,Western Africa,Benin,Littoral,Cotonou,,Cotonou,6.35,2.433,1,Global Insight Daily Analysis,International,Cotton farmers protested the non-payment of subsidies by the government for two years.,0,1552577642
204,BEN21,21,20060617,2006,3,Protests,Peaceful protest,Protesters (Benin),,6,,,0,60,Western Africa,Benin,Littoral,Cotonou,,Cotonou,6.35,2.433,1,All Africa,Regional,Benins ban on contraband fuel ignites protests,0,1552577640
204,BEN22,22,20070315,2007,1,Battles,Armed clash,Military Forces of Benin (2006-2016) Presidential Security Unit,,1,Unidentified Armed Group (Benin),,3,13,Western Africa,Benin,Littoral,Cotonou,,Cotonou,6.35,2.433,1,AFP,International,Unidentified armed men attacked President Bonis convoy. President Boni was unharmed but several of his security guards were hurt.,0,1561468964
204,BEN23,23,20070513,2007,1,Violence against civilians,Attack,Military Forces of Benin (2006-2016) Presidential Security Unit,,1,Civilians (Benin),,7,17,Western Africa,Benin,Atlantique,Ouidah,,Ouidah,6.367,2.083,1,Reuters,International,Citizens of Ouidah were angered that the president set up road blocks during his drive through the town. People ignored the road blocks and were in turn shot by the presidential guard. Two people were killed and five injured. In response to the killing.,1,1552577637
204,BEN24,24,20070513,2007,1,Violence against civilians,Attack,Military Forces of Benin (2006-2016) Presidential Security Unit,,1,Civilians (Benin),,7,17,Western Africa,Benin,Atlantique,Ouidah,,Ouidah,6.367,2.083,1,Reuters,International,"""Citizens of Ouidah were angered that the president set up road blocks during his drive through the town. People ignored the road blocks and were in turn shot by the presidential guard. Two people were killed and five injured. In response to the killing.""",1,1552577637
204,BEN25,25,20080710,2008,1,Protests,Peaceful protest,Protesters (Benin),,6,,,0,60,Western Africa,Benin,Littoral,Cotonou,,Cotonou,6.35,2.433,1,All Africa,Regional,Protesters demonstrated against the high cost of living in Benin and demanded salary increases.,0,1552577631
204,BEN26,26,20090721,2009,1,Protests,Peaceful protest,Protesters (Benin),,6,,,0,60,Western Africa,Benin,Littoral,Cotonou,,Cotonou,6.35,2.433,1,Global Insight Daily Analysis,International,protest over corruption and cost of living,0,1552577626
204,BEN27,27,20091124,2009,1,Violence against civilians,Attack,Unidentified Armed Group (Benin),,3,Civilians (International),,7,37,Western Africa,Benin,Littoral,Cotonou,,Cotonou,6.35,2.433,2,AP,International,Pirates attacked vessel off Benin coast; 1 sailor killed,1,1561468964
204,BEN28,28,20100214,2010,1,Protests,Peaceful protest,Protesters (Benin),,6,,,0,60,Western Africa,Benin,Littoral,Cotonou,,Cotonou,6.35,2.433,1,Agence de Presse Africaine,Regional,"Protests hostile to the government in the capital Cotonou, against the exclusion of citizens from the voting lists.",0,1561468964
204,BEN29,29,20100221,2010,1,Protests,Protest with intervention,Police Forces of Benin (2006-2016),,1,Protesters (Benin),,6,16,Western Africa,Benin,Littoral,Cotonou,,Cotonou,6.35,2.433,1,AFP,International,Benin police in Cotonou said Monday they used teargas to disperse opposition protesters who tried to join a rally to denounce an incomplete electoral list ahead of March 6 presidential polls.,0,1561468964
204,BEN30,30,20100322,2010,1,Protests,Peaceful protest,Protesters (Benin),,6,,,0,60,Western Africa,Benin,Littoral,Cotonou,,Cotonou,6.35,2.433,1,Agence de Presse Africaine,Regional,Thousands of protesters marched to denounce the negative consequences of the different treaties signed by the government with the World Bank and the IMF.,0,1561468964
204,BEN31,31,20100322,2010,1,Protests,Peaceful protest,Protesters (Benin),Students (Benin),6,,,0,60,Western Africa,Benin,Littoral,Cotonou,,Cotonou,6.35,2.433,1,Agence de Presse Africaine,Regional,Thousands of students marched through Cotonou against the governments refusal to negotiate with teachers who have been on strike since January.,0,1561468964
204,BEN32,32,20100330,2010,1,Protests,Peaceful protest,Protesters (Benin),,6,,,0,60,Western Africa,Benin,Littoral,Cotonou,,Cotonou,6.35,2.433,1,Agence de Presse Africaine,Regional,The Muslim community in Benin protested on Tuesday against the Swiss governments decision to oppose the construction of minarets in mosques.,0,1561468964
204,BEN33,33,20100419,2010,1,Strategic developments,Change to group/activity,Military Forces of Benin (2006-2016),,1,Unidentified Armed Group (Benin),,3,13,Western Africa,Benin,Littoral,Cotonou,,Cotonou,6.35,2.433,2,Xinhua,International,Military Forces of Benin intercepted a pirate vessel named Cobra in waters of the coast of Benin,0,1561468964
204,BEN34,34,20101001,2010,1,Protests,Peaceful protest,Protesters (Benin),,6,,,0,60,Western Africa,Benin,Littoral,Cotonou,,Cotonou,6.35,2.433,1,Agence de Presse Africaine,Regional,Thousands marched in the streets of Cotonou to demand the liberation of Pierre Urbain Dangnivo who disapeared under mysterious circumstances on August 17.,0,1561468964
204,BEN35,35,20101012,2010,1,Protests,Excessive force against protesters,Police Forces of Benin (2006-2016),,1,Protesters (Benin),,6,16,Western Africa,Benin,Littoral,Cotonou,,Cotonou,6.35,2.433,1,Agence de Presse Africaine,Regional,Benins police forces violently dispersed a marched in Cotonou protesting against the decision of the interior minister to ban all public manifestations regarding the disapearance of Pierre Urbain Dangnivo.,0,1561468964
204,BEN36,36,20101019,2010,2,Protests,Peaceful protest,Protesters (Benin),,6,,,0,60,Western Africa,Benin,Oueme,Porto-Novo,,Porto-Novo,6.483,2.617,1,All Africa,Regional,Protesters demonstrated in Porto-Novo againt the governments implementation of a biometric identification scheme.,0,1552577545
204,BEN37,37,20101022,2010,1,Protests,Peaceful protest,Protesters (Benin),,6,,,0,60,Western Africa,Benin,Littoral,Cotonou,,Cotonou,6.35,2.433,1,AFP,International,Around a thousand people took to the streets in the small west African nation of Benin on Tuesday to protest against an incomplete voters roll for the March 6 presidential polls.,0,1561468964
204,BEN38,38,20110303,2011,1,Protests,Peaceful protest,Protesters (Benin),,6,,,0,60,Western Africa,Benin,Littoral,Cotonou,,Cotonou,6.35,2.433,1,AFP,International,Protesters blocked roads in Benins main city Thursday to demand a second postponement of this weekends presidential vote amid allegations that a million people were left off the electoral roll.,0,1561468964
204,BEN39,39,20110316,2011,1,Protests,Peaceful protest,Protesters (Benin),,6,,,0,60,Western Africa,Benin,Littoral,Cotonou,,Cotonou,6.35,2.433,1,AFP,International,"Hundreds of opposition supporters protested in front of Benins electoral commission on Wednesday following weekend presidential elections, claiming vote results were mishandled.",0,1561468964
204,BEN40,40,20110324,2011,1,Protests,Protest with intervention,Police Forces of Benin (2006-2016),,1,Protesters (Benin),,6,16,Western Africa,Benin,Littoral,Cotonou,,Cotonou,6.35,2.433,1,AFP,International,"Benin authorities on Thursday fired tear gas to disperse youths protesting the re-election of President Boni Yayi in recent polls after they refused to clear roadways, police said.",0,1561468964
204,BEN41,41,20110412,2011,1,Protests,Peaceful protest,Protesters (Benin),,6,,,0,60,Western Africa,Benin,Littoral,Cotonou,,Cotonou,6.35,2.433,1,Agence de Presse Africaine,Regional,Journalists marched through the streets of the capital to demand the right to exerce their proffession in a secure environment.,0,1561468964
204,BEN42,42,20110724,2011,1,Violence against civilians,Attack,Unidentified Armed Group (Benin),,3,Civilians (International),,7,37,Western Africa,Benin,Littoral,Cotonou,,Cotonou,6.35,2.433,2,IHS Global Insight Daily,International,"An Italian-owned tanker, the RBD Anema e Core, was attacked and boarded by suspected pirates yesterday (24 July) in the waters off the coast of Benin. The attack took place approximately 23 nautical miles south of the country's commercial capital and largest port of Cotonou. The Anema e Core was carrying a cargo of fuel and was manned by a crew of 23, including 20 Filipino seamen, when it came under attack by a group of at least three suspected pirates.",0,1552577531
204,BEN43,43,20110801,2011,1,Battles,Armed clash,Military Forces of Benin (2006-2016),,1,Pirates (Benin),,3,13,Western Africa,Benin,Littoral,Cotonou,,Cotonou,6.35,2.433,2,AFP,International,"Pirates boarded a Swedish tanker off the coast of Benin at the weekend but were chased away by the African nations navy, leaving the vessel and crew unharmed, the ships owner said Monday.",0,1561468964
204,BEN45,45,20110914,2011,1,Violence against civilians,Abduction/forced disappearance,Pirates (Benin),,3,Civilians (International),,7,37,Western Africa,Benin,Littoral,Cotonou,,Cotonou,6.35,2.433,2,AFP,International,"Pirates seized a Cyprus-flagged tanker with 23 crew on board Wednesday off the coast of the West African country of Benin, the latest in a wave of such attacks, the International Maritime Bureau said",0,1561468964
204,BEN47,47,20120508,2012,2,Protests,Peaceful protest,Protesters (Togo),,6,,,0,60,Western Africa,Benin,Mono,Lokossa,,Agame,6.728,1.76,1,Xinhua,International,"Hundreds of Togolese refugees admitted to the camps of the United Nations High Commissioner for Refugees (UNHCR) in the town of Agame, Benin, a hundred kilometers from Cotonou, have demonstrated outside the political representation of the organization in Cotonou. Benins Interior Minister Benoit Degla HAD Asked Togolese Refugees to return to Their Country if They Are Not Satisfied With Their living condition in Benin.",0,1561468964
204,BEN48,48,20120514,2012,2,Protests,Peaceful protest,Protesters (Benin),,6,,,0,60,Western Africa,Benin,Alibori,Kandi,,Alibori Department,11.333,2.917,2,Quotidien le Matinal,National,"In recent days, producers of cotton basins of North Benin march against the Interprofessional Cotton Association. Precise date(s) and location unknown. The event occurred in ""north Benin.""",0,1552577515
204,BEN49,49,20120519,2012,2,Violence against civilians,Abduction/forced disappearance,Unidentified Armed Group (Benin),,3,Civilians (International),,7,37,Western Africa,Benin,Mono,Lokossa,,Lokossa,6.63,1.72,2,AFP,International,"An American is kidnapped in Benin. Location, date and perpetrator vague. He was found in the Mono department.",0,1561468964
204,BEN50,50,20120811,2012,1,Protests,Peaceful protest,Protesters (Benin),,6,,,0,60,Western Africa,Benin,Borgou,Parakou,,Parakou,9.35,2.617,1,Le Matin (Benin),National,"A pro-government march tokk place in Parakou in support of the president, Boni Yayi",0,1552577508
204,BEN51,51,20120811,2012,1,Protests,Protest with intervention,Protesters (Benin),,6,Police Forces of Benin (2006-2016),,1,16,Western Africa,Benin,Borgou,Parakou,,Parakou,9.35,2.617,1,Le Matin (Benin),National,An anti-government protest march was stopped by the police,0,1552577508
204,BEN52,52,20120812,2012,1,Protests,Peaceful protest,Protesters (Benin),,6,,,0,60,Western Africa,Benin,Atlantique,Abomey-Calavi,,Abomey-Calavi,6.45,2.35,1,Fraternite (Benin),National,"Populations from Abomey-Calavi, So-ava and Ze gathered in support of president Boni Yayi in a protest march in Abomey-Calavi",0,1552577508
204,BEN53,53,20120812,2012,1,Protests,Peaceful protest,Protesters (Benin),Yen A Marre Movement,6,,,0,60,Western Africa,Benin,Littoral,Cotonou,,Cotonou,6.35,2.433,1,La Nouvelle (Benin),National,Thousands of youth from Benin joined a protest movement against the current government,0,1561468964
204,BEN54,54,20120816,2012,1,Protests,Peaceful protest,Protesters (Benin),,6,,,0,60,Western Africa,Benin,Atacora,Natitingou,,Natitingou,10.307,1.375,1,Fraternite (Benin),National,A pro-government rally took place in Atakora,0,1552577508
204,BEN55,55,20120908,2012,1,Protests,Peaceful protest,Protesters (Benin),,6,,,0,60,Western Africa,Benin,Oueme,Porto-Novo,,Porto-Novo,6.483,2.617,1,Actu Benin,National,A rally in support of the president Yayi Boni took place in Cotonou,0,1552577506
204,BEN57,57,20120910,2012,1,Protests,Peaceful protest,Protesters (Benin),Police Forces of Benin (2006-2016),6,,,0,60,Western Africa,Benin,Littoral,Cotonou,,Cotonou,6.35,2.433,2,Actu Benin,National,Members of the municipal police forces marched in the streets of ? In protest at the non-payment of their wages,0,1552577506
204,BEN61,61,20120921,2012,1,Protests,Protest with intervention,Protesters (Benin),,6,Police Forces of Benin (2006-2016),,1,16,Western Africa,Benin,Borgou,Parakou,,Parakou,9.35,2.617,1,Actu Benin,National,Opponents of the new king of Parakou gatheres in front of the Royal Palace to contest his appointment. Police Forces intervened to disperse the crowd.,0,1552577505
204,BEN58,58,20120921,2012,1,Protests,Peaceful protest,Protesters (Benin),,6,,,0,60,Western Africa,Benin,Littoral,Cotonou,,Cotonou,6.35,2.433,1,Actu Benin,National,A crowd of supporters of the president of Benins former advisor gathered in front of the central police station to demand his release from custody,0,1552577505
204,BEN59,59,20120921,2012,1,Riots,Violent demonstration,Rioters (Benin),,5,Police Forces of Benin (2006-2016),,1,15,Western Africa,Benin,Littoral,Cotonou,,Cotonou,6.35,2.433,1,Actu Benin,National,Protesters clashed with police forces following a protest against the closure of the tv station canal 3,0,1552577505
204,BEN62,62,20121022,2012,1,Strategic developments,Arrests,Government of Benin (2006-2016),,1,Civilians (Benin),,7,17,Western Africa,Benin,Littoral,Cotonou,,Cotonou,6.35,2.433,3,AFP,International,"Benin has charged President Thomas Boni Yayis' doctor, niece and an ex-minister over an alleged plot to poison him",0,1561468964
204,BEN63,63,20130717,2013,1,Protests,Peaceful protest,Protesters (Benin),Citizens Alternative Movement,6,,,0,60,Western Africa,Benin,Littoral,Cotonou,,Cotonou,6.35,2.433,1,Jeune Afrique,Regional,People of the Red Wednesday movement wore red garments and protested against the constitutional amendment that would allow the president to run for a third term.,0,1552577442
204,BEN64,64,20130724,2013,1,Protests,Peaceful protest,Protesters (Benin),Citizens Alternative Movement,6,,,0,60,Western Africa,Benin,Littoral,Cotonou,,Cotonou,6.35,2.433,1,Jeune Afrique,Regional,People of the Red Wednesday movement wore red garments and protested against the constitutional amendment that would allow the president to run for a third term.,0,1552577442
204,BEN65,65,20130731,2013,1,Protests,Peaceful protest,Protesters (Benin),Citizens Alternative Movement,6,,,0,60,Western Africa,Benin,Littoral,Cotonou,,Cotonou,6.35,2.433,1,Jeune Afrique,Regional,People of the Red Wednesday movement wore red garments and protested against the constitutional amendment that would allow the president to run for a third term.,0,1552577441
204,BEN66,66,20130801,2013,1,Protests,Peaceful protest,Protesters (Benin),Citizens Alternative Movement,6,,,0,60,Western Africa,Benin,Littoral,Cotonou,,Cotonou,6.35,2.433,1,Jeune Afrique,Regional,"On their independence day, people of the Red Wednesday movement wore red garments and protested against the constitutional amendment that would allow the president to run for a third term.",0,1552577441
204,BEN67,67,20130801,2013,1,Strategic developments,Change to group/activity,Police Forces of Benin (2006-2016),,1,,,0,10,Western Africa,Benin,Littoral,Cotonou,,Cotonou,6.35,2.433,1,Jeune Afrique,Regional,"Security Measures: The house of Gaston Zossou, former Minister of Communication, was surrounded by police to prevent him from participating in the Red Wednesday independence day demonstration.",0,1552577441
204,BEN68,68,20130802,2013,1,Protests,Peaceful protest,Protesters (Benin),,6,,,0,60,Western Africa,Benin,Littoral,Cotonou,,Cotonou,6.35,2.433,1,Jeune Afrique,Regional,Supporters of President Boni Yayi wear white garments and protest with White Friday - as a counter-action to Red Wednesday .,0,1552577441
204,BEN69,69,20130814,2013,1,Protests,Peaceful protest,Protesters (Benin),,6,,,0,60,Western Africa,Benin,Littoral,Cotonou,,Cotonou,6.35,2.433,1,AP,International,"For fifth consecutive Wednesday in a row, hundreds of people in the capital have donned bright red T-shirts, caps and headbands to signal their solidarity with the so-called Red Wednesday movement, whose slogan is ""Dont touch my constitution.""",0,1561468964
204,BEN70,70,20131104,2013,1,Riots,Violent demonstration,Rioters (Benin),FNEB: National Union of Students of Benin,5,Military Forces of Benin (2006-2016),,1,15,Western Africa,Benin,Littoral,Cotonou,,Cotonou,6.35,2.433,1,Koaci News,Regional,A riot broke out at Abomey Calavi University as students protested against double fees. The army dispersed the students with tear gas.,0,1561468964
204,BEN72,72,20131209,2013,1,Violence against civilians,Attack,Unidentified Armed Group (Benin),,3,Civilians (Benin),"ALCRER: Association against Racism, Ethnocentrism and Regionalism",7,37,Western Africa,Benin,Littoral,Cotonou,,Cotonou,6.35,2.433,1,RFI,International,"An assassination attempt was made against Martin Assogba, a human rights activist and president of the Association Against Racism, Ethnocentrism and Regionalism (ALCRER). Seven arrests made but no further details as yet.",0,1561468964
204,BEN73,73,20131227,2013,1,Protests,Protest with intervention,Protesters (Benin),CSTB: Confederation of Trade Unions of Benin,6,Police Forces of Benin (2006-2016),,1,16,Western Africa,Benin,Littoral,Cotonou,,Cotonou,6.35,2.433,1,Xinhua,International,The police used tear gas and batons to disperse an unauthorised peaceful protest held collectively by several unions to protest against violations of trade union rights and to demand an improvement in their living and working conditions. 12 demonstrators injured.,0,1552577430
204,BEN76,76,20140224,2014,1,Protests,Peaceful protest,Protesters (Benin),Students (Benin),6,,,0,60,Western Africa,Benin,Littoral,Cotonou,,Cotonou,6.35,2.433,1,Xinhua,International,"Students from public universities protested in front of the Institut National de Formation dEducation Civique et Social Cotonou, calling for university classes to resume",0,1561468964
204,BEN77,77,20140325,2014,1,Protests,Peaceful protest,Protesters (Benin),,6,,,0,60,Western Africa,Benin,Littoral,Cotonou,,Cotonou,6.35,2.433,1,Xinhua,International,"Thousands of public and private sector workers, members of the opposition and civil society, have demonstrated to demand the resignation of the prefect of the departments of Atlantique and Littoral, believed to be responsible for the violence against protesters on December 27 of last year",0,1561468964
204,BEN79,79,20141015,2014,2,Riots,Mob violence,Rioters (Benin),Vigilante Group (Benin),5,Civilians (Benin),,7,57,Western Africa,Benin,Zou,Zogbodomey,,Ouassa,7.058,2.117,2,Republic of Benin,National,"Acts of vengeance and vandalism against people suspected of ""connivance with the occult world"" have occurred in Ouassa-Pehounco (the specific acts were not specified).",0,1552577401
204,BEN80,80,20141028,2014,1,Protests,Peaceful protest,Protesters (Benin),,6,,,0,60,Western Africa,Benin,Littoral,Cotonou,,Cotonou,6.35,2.433,1,AFP; AP,International,"A large number of people, anywhere from several hundred (AFP) to 30,000 (Associated Press) ""demonstrated in Benins capital to back the oppositions call for local elections.""",0,1561468964
204,BEN82,82,20141210,2014,1,Protests,Peaceful protest,Protesters (Benin),PRD: Democratic Renewal Party; PFD: Platform of Democratic Forces,6,,,0,60,Western Africa,Benin,Littoral,Cotonou,,Cotonou,6.35,2.433,1,RFI; Xinhua,International,"Thousands of memebrs of opposition groups, including the Platform of Democratic Forces and the Democratic Renewal Party (PRD), took to the streets in Porto-Novo and Cotonou to protest against against the government.",0,1561468964
204,BEN83,83,20141210,2014,1,Protests,Peaceful protest,Protesters (Benin),PRD: Democratic Renewal Party; PFD: Platform of Democratic Forces,6,,,0,60,Western Africa,Benin,Oueme,Porto-Novo,,Porto-Novo,6.483,2.617,1,RFI; Xinhua,International,"Thousands of memebrs of opposition groups, including the Platform of Democratic Forces and the Democratic Renewal Party (PRD), took to the streets in Porto-Novo and Cotonou to protest against against the government.",0,1561468964
204,BEN84,84,20141211,2014,1,Protests,Peaceful protest,Protesters (Benin),PRD: Democratic Renewal Party; PFD: Platform of Democratic Forces,6,,,0,60,Western Africa,Benin,Littoral,Cotonou,,Cotonou,6.35,2.433,1,AFP; AP; RFI,International,"Tens of thousands of members of opposition groups, including the Platform of Democratic Forces and the Democratic Renewal Party (PRD), took to the streets in Cotonou in a second day of protest to demand local elections. Another march by government supporters also occurred at the same time but no confrontation resulted.",0,1561468964
204,BEN86,86,20150130,2015,1,Battles,Armed clash,Fulani Ethnic Militia (Benin),Pastoralists (Benin),4,Unidentified Ethnic Militia (Benin),,4,44,Western Africa,Benin,Oueme,Seme-Kpodji,,Tohoue,6.397,2.585,2,Xinhua,International,Fulani herders clashed with youth from a local farming community.,0,1561468964
204,BEN88,88,20150202,2015,1,Battles,Armed clash,Fulani Ethnic Militia (Benin),Pastoralists (Benin),4,Gangban Communal Militia (Benin),Farmers (Benin),4,44,Western Africa,Benin,Oueme,Adjohoun,,Gangban,6.694,2.508,1,Xinhua,International,One person died and four were seriously injured in a clash between farmers from Gangban and Fulani herders in the Tohoue area.,1,1561468964
204,BEN89,89,20150204,2015,1,Protests,Peaceful protest,Protesters (Benin),Forum of Workers and People for a New System of Governance,6,,,0,60,Western Africa,Benin,Littoral,Cotonou,,Cotonou,6.35,2.433,1,PANAPRESS; Xinhua,Regional-international,"Hundreds marched and held a sit-in against the presdient and his partys confiscation of public media services, especially the Office of Radiodiffusion and Television of Benin (ORTB).",0,1561468964
204,BEN90,90,20150302,2015,1,Protests,Peaceful protest,Protesters (Benin),,6,,,0,60,Western Africa,Benin,Littoral,Cotonou,,Cotonou,6.35,2.433,1,Xinhua,International,"Activists stormed the National Institute for Social, Economic and Civil Education and chanted anti-government slogans before retreating to the opening meeting of the National Standing Committee for Consultation and Collective Bargaining between the Government and Unions",0,1561468964
204,BEN91,91,20150426,2015,1,Protests,Peaceful protest,Protesters (Benin),,6,,,0,60,Western Africa,Benin,Donga,Djougou,,Dangoussar,9.679,1.549,1,PANAPRESS,Regional,"The population of Dangoussar boycotted the general election to protest lack of electricity, preventing some from Barei village from voting as well.",0,1561468964
204,BEN92,92,20150427,2015,1,Violence against civilians,Attack,Barei Communal Militia (Benin),,4,Civilians (Benin),,7,47,Western Africa,Benin,Donga,Djougou,,Dangoussar,9.679,1.549,1,PANAPRESS,Regional,An armed group from Barei attacked Dangoussar village in retaliation for preventing them from voting on Sunday. Two were killed and several injured.,2,1561468964
204,BEN93,93,20150504,2015,1,Riots,Violent demonstration,Rioters (Benin),,5,Police Forces of Benin (2006-2016),,1,15,Western Africa,Benin,Littoral,Cotonou,,Cotonou,6.35,2.433,1,AFP; Xinhua,International,"After several police officers were seen outside the home of opposition leader Candide Azannai, several hundred young people stormed the streets, barricading the road towards Lome by setting fires and preventing his arrest.",0,1561468964
204,BEN94,94,20150506,2015,1,Riots,Violent demonstration,Rioters (Benin),,5,Police Forces of Benin (2006-2016),,1,15,Western Africa,Benin,Littoral,Cotonou,,Cotonou,6.35,2.433,1,AFP; Xinhua,International,"Several hundred opposition protesters marched in the capital, throwing stones at the police who used tear gas against them.",0,1561468964
204,BEN97,97,20160106,2016,1,Battles,Armed clash,Military Forces of Benin (2006-2016),,1,Military Forces of Benin (2006-2016),Police Forces of Benin (2006-2016),1,11,Western Africa,Benin,Littoral,Cotonou,,Cotonou,6.35,2.433,1,RFI,International,Benin military shot and killed a soldier who was resisting arrest regarding recent UN soldier protests in Ivory Coast. A policeman nearby was also injured.,1,1561468964
204,BEN98,98,20160315,2016,3,Protests,Excessive force against protesters,Police Forces of Benin (2016-),,1,Protesters (Benin),,6,16,Western Africa,Benin,Collines,Bante,,Bante,8.413,1.892,1,Amnesty International,Other,"Security forces fired teargas and live ammunition at demonstrators in Bante (Collines department), leaving one person shot and killed and nine others injured.",1,1552577217
204,BEN99,99,20160414,2016,1,Protests,Peaceful protest,Protesters (Benin),,6,,,0,60,Western Africa,Benin,Littoral,Cotonou,,Cotonou,6.35,2.433,1,Xinhua,International,Thousands held a sit-in in front of the Presidential Palace to demand public sector jobs.,0,1561468964
204,BEN100,100,20160524,2016,1,Battles,Armed clash,Fulani Ethnic Militia (Benin),Police Forces of Benin (2016-),4,Koka Communal Militia (Benin),,4,44,Western Africa,Benin,Alibori,Malanville,,Malanville,11.868,3.383,2,Xinhua,International,Three dead and two injured in clashes between farmers and herders. Security forces restored calm.,3,1561468964
204,BEN101,101,20160611,2016,1,Strategic developments,Change to group/activity,Police Forces of Benin (2016-),,1,,,0,10,Western Africa,Benin,Littoral,Cotonou,,Cotonou,6.35,2.433,3,Reuters,International,"Security measures: Security forces increased patrols and set up road blocks ""in the face of a threat from Islamist militants.""",0,1552577200
204,BEN102,102,20160628,2016,2,Protests,Peaceful protest,Protesters (Benin),Students (Benin),6,,,0,60,Western Africa,Benin,Littoral,Cotonou,,Cotonou,6.35,2.433,1,Xinhua,International,"At the end of June, students held a boycott at the University of Abomey Calavi to protest academic year structures. In late July, 21 of the organizers were expelled from the school for leading the boycott and for ""incitement to violence.""",0,1561468964
204,BEN103,103,20160706,2016,1,Battles,Armed clash,Fulani Ethnic Militia (Benin),Pastoralists (Benin),4,Soumbe Gorou Communal Militia (Benin),Sakawan Tedji Communal Militia (Benin),4,44,Western Africa,Benin,Alibori,Malanville,,Guene,11.808,3.228,1,Xinhua,International,"A farmer and six shepherds died in a clash between Fulani herders and farmers in Guene, in Malanville district. The clash has erupted when, in revenge of a farmer murder alleged carried by a Fulani shepherd, people from villages Soumbe Gorou and Sakawan Tedji have attacked a Fulani settlement, one that would house the presumed perpetrator.",7,1561468964
204,BEN104,104,20160709,2016,1,Riots,Violent demonstration,Rioters (Benin),,5,Police Forces of Benin (2016-),,1,15,Western Africa,Benin,Borgou,Parakou,,Parakou,9.35,2.617,1,Xinhua,International,"An unauthorized spontaneus demonstration occurred in Parakou, led by winners of the competitive examinations for the Ministry of Finance and Economy in protesting against the gov decision of cancelling the results of the flawed competition. The protesters have erected barricades while the police has tried to break up the demonstration with tear gas.",0,1561468964
204,BEN105,105,20160715,2016,3,Protests,Excessive force against protesters,Police Forces of Benin (2016-),,1,Protesters (Benin),Students (Benin),6,16,Western Africa,Benin,Littoral,Cotonou,,Cotonou,6.35,2.433,1,Amnesty International,Other,"Security forces used tear gas and batons to disperse a peaceful demonstration by students in Cotonou in July, injuring at least 20 people. At least nine students were arrested following the demonstrations and detained for several weeks before being released. 21 students presumed to have participated were banned from registering at the university for five years. In August, the university decided to invalidate the academic year for all the students in the faculty where most demonstrators were studying. In October, the Council of Ministers banned all activities by student associations on campuses.",0,1552577193
204,BEN106,106,20160801,2016,3,Protests,Peaceful protest,Protesters (Benin),,6,,,0,60,Western Africa,Benin,Littoral,Cotonou,,Cotonou,6.35,2.433,3,Xinhua,International,"Multiple civil society sectors - including higher education, public administration, and unions - held strikes, marches and sit-ins over several weeks to demand better work and life conditions.",0,1561468964
204,BEN108,108,20161013,2016,2,Violence against civilians,Attack,Unidentified Armed Group (Benin),,3,Civilians (Benin),Government of Benin (2016-),7,37,Western Africa,Benin,Zou,Djidja,,Djidja,7.344,1.934,1,Fraternite (Benin),National,"Unidentified gunmen shot at the vehicle of Djidjas Adjunct Mayor in Zou department, leaving him injured and the vehicle damaged.",0,1561468964
204,BEN109,109,20161014,2016,1,Riots,Mob violence,Rioters (Benin),Muslim Group (Benin),5,Police Forces of Benin (2016-),,1,15,Western Africa,Benin,Donga,Ouake,,Semere,9.558,1.37,1,Matin Libre (Benin),National,"Clashes between police and Muslim rioters at a mosque in Semere, leaving eight people dead and several injured.",8,1561468964
204,BEN110,110,20161020,2016,2,Violence against civilians,Attack,Unidentified Armed Group (Benin),,3,Civilians (Benin),,7,37,Western Africa,Benin,Zou,Abomey,,Djime,7.182,2.03,1,Fraternite (Benin),National,"Unidentified gunmen shot and killed two people in Djime, Zou department. They were found at two separate locations.",2,1561468964
204,BEN111,111,20161024,2016,1,Protests,Peaceful protest,Protesters (Benin),SYNTRASESH: National Union of Human Health Services Workers,6,,,0,60,Western Africa,Benin,Littoral,Cotonou,,Cotonou,6.35,2.433,1,La Nation (Benin),National,"Members of the National Union of Human Health Services Workers (Syntrashesh) held a sit-in and a peaceful march at the health ministry in Cotonou, calling for improved dialogue with authorities over their rights.",0,1561468964
204,BEN113,113,20161121,2016,1,Protests,Peaceful protest,Protesters (Benin),,6,,,0,60,Western Africa,Benin,Littoral,Cotonou,,Cotonou,6.35,2.433,1,Xinhua,International,Workers of the agricultural sector staged a sit-in to protest recent lay-offs.,0,1561468964
204,BEN115,115,20161127,2016,1,Violence against civilians,Abduction/forced disappearance,Pirates (Benin),,3,Civilians (International),Civilians (Russia); Civilians (Ukraine),7,37,Western Africa,Benin,Littoral,Cotonou,,Cotonou,6.35,2.433,2,AFP,International,Pirates abducted a crew of 18 Russian and Ukrainian sailors when they attacked their boat off the coast of Benin. They were released soon after and returned to Cotonou.,0,1561468964
204,BEN116,116,20161206,2016,1,Protests,Peaceful protest,Protesters (Benin),CSTB: Confederation of Trade Unions of Benin,6,,,0,60,Western Africa,Benin,Littoral,Cotonou,,Cotonou,6.35,2.433,1,Xinhua,International,"Hundreds of public and private sector workers, led by five of the seven syndicate unions and confederations of Benin, including CSTB, protested in Cotonou against the governments decision to privatise four state companies.",0,1561468964
204,BEN117,117,20170108,2017,1,Battles,Armed clash,Christian Militia (Benin),,4,Unidentified Ethnic Militia (Benin),,4,44,Western Africa,Benin,Zou,Abomey,,Djime,7.182,2.03,1,Xinhua,International,"Clashes between members of a congregation from Gbaname church and Vodou-cult followers on the Bohicon-Abomey axis in Djime after provocations left two people dead, several others injured and caused significant material damage.",2,1561468964
204,BEN118,118,20170109,2017,1,Protests,Peaceful protest,Protesters (Benin),Health Workers (Benin),6,,,0,60,Western Africa,Benin,Littoral,Cotonou,,Cotonou,6.35,2.433,1,Xinhua,International,Around a hundred specialised doctors held a sit-in at the national hospital and teaching centre of Cotonou to launch an unlimited strike calling for improved working conditions.,0,1561468964
204,BEN119,119,20170113,2017,1,Protests,Protest with intervention,Protesters (Benin),Journalists (Benin),6,Police Forces of Benin (2016-),,1,16,Western Africa,Benin,Littoral,Cotonou,,Cotonou,6.35,2.433,1,Xinhua,International,"Hundreds of national and international media professionals held a sit-in in Cotonou, calling for the re-opening of four TV channels and a radio station shut down by authorities. Police intervened to disperse the protest.",0,1561468964
204,BEN121,121,20170208,2017,1,Protests,Peaceful protest,Protesters (Benin),CSTB: Confederation of Trade Unions of Benin,6,,,0,60,Western Africa,Benin,Couffo,Djakotomey,,Aplahoue,6.933,1.683,1,La Nouvelle (Benin),National,"Couffo syndicates affiliated to the CSTB staged a peaceful march in Aplahoue to protest bad governance, particularly in response to the various strike movements held by teachers and doctors in the country.",0,1561468964
204,BEN122,122,20170316,2017,1,Protests,Peaceful protest,Protesters (Benin),CSTB: Confederation of Trade Unions of Benin; FESYNTRA-Finances: National Union of Financial Workers,6,,,0,60,Western Africa,Benin,Oueme,Porto-Novo,,Porto-Novo,6.483,2.617,1,24h au Benin,National,The Confederation of trade unions in Benin (CSTB) and the Federation of Financial administration syndicates (Fesyntra-finances) staged a sit-in in front of the National Assembly in Porto-Novo to protest draft laws on recruitment procedures.,0,1552577098
204,BEN123,123,20170320,2017,1,Protests,Peaceful protest,Protesters (Benin),Students (Benin),6,,,0,60,Western Africa,Benin,Littoral,Cotonou,,Cotonou,6.35,2.433,1,RFI,International,Students boycotted classes over three days at Abomey-Calavi university in Cotonou over an October ruling forbiding student syndicates to operat. The ruling was nullified on 23 March.,0,1561468964
204,BEN124,124,20170321,2017,1,Protests,Peaceful protest,Protesters (Benin),Students (Benin),6,,,0,60,Western Africa,Benin,Littoral,Cotonou,,Cotonou,6.35,2.433,1,RFI,International,Students boycotted classes over three days at Abomey-Calavi university in Cotonou over an October ruling forbiding student syndicates to operat. The ruling was nullified on 23 March.,0,1561468964
204,BEN125,125,20170322,2017,1,Protests,Peaceful protest,Protesters (Benin),Students (Benin),6,,,0,60,Western Africa,Benin,Littoral,Cotonou,,Cotonou,6.35,2.433,1,RFI,International,Students boycotted classes over three days at Abomey-Calavi university in Cotonou over an October ruling forbiding student syndicates to operat. The ruling was nullified on 23 March.,0,1561468964
204,BEN126,126,20170323,2017,1,Protests,Peaceful protest,Protesters (Benin),FSP: Front for the Patriotic Awakening,6,,,0,60,Western Africa,Benin,Oueme,Porto-Novo,,Porto-Novo,6.483,2.617,1,Anadolu Agency; RFI,Regional-international,"A new Front called the Front for the Patriotic Awakening (FSP) gathering around 20 opposition movements and syndicates, staged sit-ins on 23 and 24 March in Porto-Novo to protest president Talon's project to revise the Constitution without popular referendum.",0,1561468964
204,BEN127,127,20170324,2017,1,Protests,Peaceful protest,Protesters (Benin),FSP: Front for the Patriotic Awakening,6,,,0,60,Western Africa,Benin,Oueme,Porto-Novo,,Porto-Novo,6.483,2.617,1,Anadolu Agency; RFI,Regional-international,"A new Front called the Front for the Patriotic Awakening (FSP) gathering around 20 opposition movements and syndicates, staged sit-ins on 23 and 24 March in Porto-Novo to protest president Talon's project to revise the Constitution without popular referendum.",0,1561468964
204,BEN128,128,20170327,2017,1,Battles,Armed clash,Fulani Ethnic Militia (Nigeria),Pastoralists (Nigeria),4,Ketou Communal Militia (Benin),,4,44,Western Africa,Benin,Plateau,Ketou,,Adakplame,7.454,2.547,1,Xinhua,International,"Clash between Nigerian herders and residents in Adakplame village, Ketou commune, left four people killed and several others seriously injured.",4,1561468964
204,BEN129,129,20170327,2017,1,Protests,Peaceful protest,Protesters (Benin),UNAMAB: National Union of Magistrates of Benin,6,,,0,60,Western Africa,Benin,Oueme,Porto-Novo,,Porto-Novo,6.483,2.617,1,24h au Benin; RFI,National-international,"Around a hundred magistrates led by their Union (UNAMAB) as well as other supporters marched in Porto-Novo to protest the president's project to review the Constitution, which they say would weaken judicial powers.",0,1561468964
204,BEN130,130,20170328,2017,1,Strategic developments,Other,Protesters (Benin),UNAMAB: National Union of Magistrates of Benin,6,,,0,60,Western Africa,Benin,Oueme,Porto-Novo,,Porto-Novo,6.483,2.617,3,RFI,National-International,Strikes: UNAMAB began a 72h strike to protest the president's project to the review the Constitution.,0,1561468964
204,BEN131,131,20170330,2017,1,Protests,Peaceful protest,Protesters (Benin),FSP: Front for the Patriotic Awakening,6,,,0,60,Western Africa,Benin,Littoral,Cotonou,,Cotonou,6.35,2.433,1,AFP,International,"More than 10,000 people led by the Front for the Patriotic Awakening (FSP), which gathers around 20 opposition movements and syndicates, marched in Cotonou to protest president Talon's project to revise the Constitution without popular referendum.",0,1561468964
204,BEN132,132,20170403,2017,1,Battles,Armed clash,Malanville Communal Militia (Benin),,4,Unidentified Communal Militia (Nigeria),,4,44,Western Africa,Benin,Alibori,Malanville,,Malanville,11.868,3.383,1,Xinhua,International,"Clash between cattle breeders from Benin and Nigeria in Benin's Malanville commune over damaging of crops, leaving one person killed and several others injured.",1,1561468964
204,BEN133,133,20170406,2017,1,Riots,Violent demonstration,Rioters (Benin),,5,Police Forces of Benin (2016-),,1,15,Western Africa,Benin,Alibori,Banikoara,,Founougo,11.478,2.531,1,Agence Benin Press,National,"Clash between residents of Founougo, Banikoara commune, protesting the killing by eco-guards of a suspected poacher, and police, left at least one protester killed and several others injured.",1,1561468964
204,BEN135,135,20170501,2017,1,Protests,Peaceful protest,Protesters (Benin),,6,,,0,60,Western Africa,Benin,Littoral,Cotonou,,Cotonou,6.35,2.433,1,Xinhua,International,Thousands of workers have woke down the streets to protest against the consociational problem-solving strategies of both the Labour Unions and the Government.,0,1561468964
204,BEN137,137,20170508,2017,1,Protests,Peaceful protest,Protesters (Benin),,6,,,0,60,Western Africa,Benin,Littoral,Cotonou,,Cotonou,6.35,2.433,1,Agence Benin Press,National,National Society of agricultural products protested against their through a sit-in,0,1561468964
204,BEN139,139,20170515,2017,1,Violence against civilians,Attack,Fulani Ethnic Militia (Benin),Pastoralists (Benin),4,Civilians (Benin),,7,47,Western Africa,Benin,Plateau,Ketou,,Idigny,7.481,2.693,1,Agence Benin Press,National,"Transhumant Fulani herders aggressed local civilians within the context of land sharing between farmers and herders: six dead and several wounded in two attacks, on Monday and on Satudray",3,1561468964
204,BEN140,140,20170520,2017,1,Violence against civilians,Attack,Fulani Ethnic Militia (Benin),Pastoralists (Benin),4,Civilians (Benin),,7,47,Western Africa,Benin,Plateau,Ketou,,Idigny,7.481,2.693,1,Agence Benin Press,National,"Transhumant Fulani herders aggressed local civilians: six dead and several wounded in two attacks, on Monday and on Satudray",3,1561468964
204,BEN141,141,20170608,2017,1,Protests,Peaceful protest,Protesters (Benin),,6,,,0,60,Western Africa,Benin,Littoral,Cotonou,,Cotonou,6.35,2.433,1,RFI,International,CHNU (University medical centre) personnel demonstrated against the privatisation plan of the centre.,0,1552576886
204,BEN142,142,20170622,2017,1,Protests,Peaceful protest,Protesters (Benin),,6,,,0,60,Western Africa,Benin,Littoral,Cotonou,,Cotonou,6.35,2.433,1,RFI; Xinhua,International,Over a thousand people took to the streets of Benin's economic capital to protest against President Patrice Talon amid growing unease with his government's economic reforms. A coalition of opposition parties and civil activists led the rally. On the same day harbour workers launched a two-day strike against the government's move to privatise port management.,0,1561468964
204,BEN144,144,20170916,2017,1,Protests,Peaceful protest,Protesters (Benin),,6,,,0,60,Western Africa,Benin,Littoral,Cotonou,,Cotonou,6.35,2.433,1,AFP,International,"Hundreds of persons took the street to protest against the FCFA in Cotonou, Dakar and Bamako.",0,1552576757
204,BEN146,146,20171004,2017,1,Protests,Peaceful protest,Protesters (Benin),,6,,,0,60,Western Africa,Benin,Donga,Copargo,,Kopargo,9.841,1.542,1,Agence Benin Press,National,Primary school teachers went to the streets claiming their bonus.,0,1561468964
204,BEN147,147,20171010,2017,1,Protests,Peaceful protest,Protesters (Benin),,6,,,0,60,Western Africa,Benin,Collines,Bante,,Bante,8.413,1.892,1,Agence Benin Press,National,Bante public agents went on strike and set up a demonstration to protest bad economic conditions and mismanagement.,0,1561468964
204,BEN148,148,20171011,2017,1,Protests,Peaceful protest,Protesters (Benin),,6,,,0,60,Western Africa,Benin,Couffo,Djakotomey,,Aplahoue,6.933,1.683,1,Agence Benin Press,National,Hundreds of teachers organised a sit-in to protest the delay of bonus payments.,0,1561468964
204,BEN149,149,20171013,2017,1,Protests,Peaceful protest,Protesters (Benin),FSP: Front for the Patriotic Awakening,6,,,0,60,Western Africa,Benin,Littoral,Cotonou,,Cotonou,6.35,2.433,1,AFP,International,Hundreds of protesters gathered to demonstrate against President Talon's regime.,0,1552576749
204,BEN150,150,20171018,2017,1,Protests,Peaceful protest,Protesters (Benin),,6,,,0,60,Western Africa,Benin,Mono,Lokossa,,Lokossa,6.63,1.72,1,Agence Benin Press,National,"Justice workers went on a 48-hours strike and gathered in the court building, asking for the better work conditions.",0,1561468964
204,BEN151,151,20171020,2017,1,Protests,Peaceful protest,Protesters (Benin),,6,,,0,60,Western Africa,Benin,Littoral,Cotonou,,Cotonou,6.35,2.433,1,AFP,International,"Thousands of people took to the streets of Benin's commercial capital Cotonou on Friday to protest against President Patrice Talon's economic reforms and the high cost of living. One of the organisers said ""more than 10,000"" people turned out for the march to the trades union congress building. No official figure was immediately available.",0,1552576747
204,BEN152,152,20171024,2017,1,Protests,Peaceful protest,Protesters (Benin),,6,,,0,60,Western Africa,Benin,Couffo,Djakotomey,,Aplahoue,6.933,1.683,1,Agence Benin Press,National,Primary school teachers went to the street to claim the payment of their primes.,0,1561468964
204,BEN153,153,20171103,2017,1,Protests,Protest with intervention,Protesters (Benin),FSP: Front for the Patriotic Awakening,6,Police Forces of Benin (2016-),,1,16,Western Africa,Benin,Littoral,Cotonou,,Cotonou,6.35,2.433,1,Xinhua,International,"Thousands of activists of the Front for the Patriotic Awakening, went down in the street of Cotonou, the economic capital of Benin, to demand the improvement of living conditions of the Beninois.",0,1552576743
204,BEN154,154,20171122,2017,1,Protests,Peaceful protest,Protesters (Benin),,6,,,0,60,Western Africa,Benin,Littoral,Cotonou,,Cotonou,6.35,2.433,1,Xinhua,International,Activists protested against the auction of African migrants present on the Libyan territory through a peaceful march.,0,1561468964
204,BEN155,155,20171127,2017,1,Protests,Peaceful protest,Protesters (Benin),,6,,,0,60,Western Africa,Benin,Littoral,Cotonou,,Cotonou,6.35,2.433,1,Xinhua,International,"Several hundred workers in public and private administrations, led by the secretary general's of Benin's seven trade unions and confederations, observed a sit-in at the Beninese Ministry of the Environment and Sustainable Development in Cotonou, demanding the immediate cessation of proceedings against the Acting Secretary General for Waters, Forests and Hunting, Captain Patrice Trekpo.",0,1552576736
204,BEN157,157,20171205,2017,1,Protests,Protest with intervention,Protesters (Benin),,6,Police Forces of Benin (2016-),,1,16,Western Africa,Benin,Zou,Cove,,Cove,7.221,2.34,1,Agence Benin Press,National,Security forces dispersed a movement of the population that descended on the streets in Cove to protest against the early start of transhumance in the Agonlin region.,0,1561468964
204,BEN159,159,20171227,2017,1,Violence against civilians,Attack,Fulani Ethnic Militia (Benin),Pastoralists (Benin),4,Civilians (Benin),,7,47,Western Africa,Benin,Plateau,Ketou,,Adakplame,7.454,2.547,2,Agence Benin Press,National,"An attack perpetrated by transhumant Fulani in Kinho, a hamlet in the district of Adakplame, commune of Ketou, resulted in a death and several wounded. According to reports, transhumant herdsmen stormed the town of Kinho around 9 pm, killing a man and wounding several others.",1,1561468964
204,BEN163,163,20180118,2018,1,Riots,Violent demonstration,Rioters (Benin),,5,Police Forces of Benin (2016-),,1,15,Western Africa,Benin,Atlantique,Abomey-Calavi,,Glo Djigbe,6.833,2.383,1,Agence Benin Press,National,"Landowners and buyers of plots of Glo Djigbe, disapproving the costs of selling the areas retained by the government in the framework of the construction project of Glo Djigbe airport, blocked the interstate road No 2 crossing the locality. They were dispersed by police forces.",0,1561468964
204,BEN164,164,20180120,2018,2,Strategic developments,Looting/property destruction,Fulani Ethnic Militia (Benin),Pastoralists (Benin),4,Civilians (Benin),,7,47,Western Africa,Benin,Plateau,Pobe,,Igana,7.038,2.693,1,Agence Benin Press,National,"Property destruction: Groups of transhumant herdsmen whose motives are unknown, have disturbed educational activities in the primary schools of the localities of Ihoro, Kpanyikpan, Illamon and Oko-Ilakpo in the municipality of Pobe, Igana district. Transhumant herdsmen make surprise raids in the public primary schools and remove students and teacher using threats of weapons (machetes, daggers).",0,1561468964
204,BEN165,165,20180129,2018,1,Protests,Peaceful protest,Protesters (Benin),Women (Benin),6,,,0,60,Western Africa,Benin,Oueme,Porto-Novo,,Porto-Novo,6.483,2.617,1,Agence Benin Press,National,Women of some civil society associations took the street to ask for the withdrawal of the judicial accusation against M Metognon Laurent.,0,1561468964
204,ALG5127,5127,20180203,2018,1,Violence against civilians,Attack,Fulani Ethnic Militia (Benin),Pastoralists (Benin),4,Civilians (Benin),,7,47,Western Africa,Benin,Plateau,Pobe,,Pobe,6.98,2.665,2,Agence Benin Press,National,Some Fulani herders attacked 3 civilians following a farmers-herders confrontation in Agbele: 2 people were heavily wounded.,0,1561468962
204,BEN166,166,20180211,2018,1,Violence against civilians,Attack,Fulani Ethnic Militia (Benin),Pastoralists (Benin),4,Civilians (Benin),,7,47,Western Africa,Benin,Zou,Agbangnizoun,,Agbangnizoun,7.068,1.974,2,Agence Benin Press,National,A farmer was killed by a group of herders after protesting against the devastation of his field.,1,1561468964
204,BEN167,167,20180211,2018,1,Violence against civilians,Attack,Sahe-Abigo Communal Militia (Benin),,4,Civilians (Benin),Fulani Ethnic Group (Benin),7,47,Western Africa,Benin,Zou,Agbangnizoun,,Agbangnizoun,7.068,1.974,2,Agence Benin Press,National,Sahe-Abigo people killed 4 herders as reprisal to the killing of the farmer.,4,1561468964
204,BEN168,168,20180213,2018,1,Battles,Armed clash,Sahe-Abigo Communal Militia (Benin),,4,Fulani Ethnic Militia (Benin),Pastoralists (Benin),4,44,Western Africa,Benin,Zou,Agbangnizoun,,Agbangnizoun,7.068,1.974,2,Agence Benin Press,National,Farmers-herders clashes continued: 2 herders were killed and one went missing.,2,1561468964
204,BEN169,169,20180214,2018,1,Violence against civilians,Attack,Fulani Ethnic Militia (Benin),Pastoralists (Benin),4,Civilians (Benin),,7,47,Western Africa,Benin,Zou,Agbangnizoun,,Agbangnizoun,7.068,1.974,2,Agence Benin Press,National,"As a reprisal, herders severly wounded three passersby.",0,1561468964
204,BEN170,170,20180217,2018,1,Riots,Violent demonstration,Rioters (Benin),,5,Civilians (International),Aid Workers (International),7,57,Western Africa,Benin,Atacora,Tanguieta,,Tanguieta,10.621,1.266,1,Agence Benin Press,National,Traditional hunters looted the NGO African Parks Network and blocked the road no 3 to protest the seizure of some of their motorcycles.,0,1561468964
204,BEN172,172,20180222,2018,1,Protests,Peaceful protest,Protesters (Benin),,6,,,0,60,Western Africa,Benin,Oueme,Porto-Novo,,Porto-Novo,6.483,2.617,2,Agence Benin Press,National,Teachers demonstrated to claim the respect of agreements in Oueme Department.,0,1561468964
204,BEN171,171,20180222,2018,1,Protests,Peaceful protest,Protesters (Benin),,6,,,0,60,Western Africa,Benin,Plateau,Pobe,,Pobe,6.98,2.665,1,Agence Benin Press,National,Teachers demonstrated in Pobe to claim the respect of agreements.,0,1561468964
204,BEN173,173,20180223,2018,1,Protests,Peaceful protest,Protesters (Benin),Students (Benin),6,,,0,60,Western Africa,Benin,Collines,Save,,Save,8.034,2.487,1,Agence Benin Press,National,Students demonstrated to ask for the end of strikes paralysing the education system.,0,1561468964
204,BEN174,174,20180302,2018,2,Violence against civilians,Attack,Fulani Ethnic Militia (Benin),Pastoralists (Benin),4,Civilians (Benin),,7,47,Western Africa,Benin,Plateau,Pobe,,Pobe,6.98,2.665,2,Agence Benin Press,National,Transhumant herders wounded three civilians in Agbele who were taken to the hospital.,0,1561468964
204,BEN175,175,20180309,2018,1,Protests,Protest with intervention,Protesters (Benin),,6,Police Forces of Benin (2016-),,1,16,Western Africa,Benin,Littoral,Cotonou,,Cotonou,6.35,2.433,1,AFP,International,Police on Friday fired teargas to break up an anti-government demonstration by political opposition IN Benin involving thousands of people.,0,1552576704
204,BEN176,176,20180312,2018,1,Protests,Peaceful protest,Protesters (Benin),,6,,,0,60,Western Africa,Benin,Mono,Lokossa,,Lokossa,6.63,1.72,1,Agence Benin Press,National,"On 12 March, educational workers organised a sit-in to claim the satisfactions of their demands.",0,1561468964
204,BEN178,178,20180425,2018,2,Battles,Armed clash,Fulani Ethnic Militia (Benin),Pastoralists (Benin),4,Igboiganan Communal Militia (Benin),,4,44,Western Africa,Benin,Plateau,Ketou,,Ketou,7.363,2.6,2,Agence Benin Press,National,"On 25 April, two Fulani herdsmen were killed as a clash erupted with local farmers in Igboiganan, Ketou.",2,1552576689
204,BEN179,179,20180426,2018,1,Violence against civilians,Attack,Fulani Ethnic Militia (Benin),Pastoralists (Benin),4,Civilians (Benin),,7,47,Western Africa,Benin,Plateau,Ketou,,Ketou,7.363,2.6,2,Agence Benin Press,National,"On 26 April, Fulani herdmen attacked Igboiganan, Ketou, as a reprisal for the 25 April clashes. 5 civilians were killed.",5,1552576689
204,BEN180,180,20180430,2018,1,Protests,Peaceful protest,Protesters (Benin),,6,,,0,60,Western Africa,Benin,Atacora,Natitingou,,Natitingou,10.307,1.375,1,Agence Benin Press,National,"On 30 April, townhall workers of Natitingou organised a sit-in to ask for the payment of their salaries.",0,1561468964
204,BEN181,181,20180625,2018,1,Violence against civilians,Attack,Fulani Ethnic Militia (Benin),Pastoralists (Benin),4,Civilians (Benin),,7,47,Western Africa,Benin,Plateau,Pobe,,Igana,7.038,2.693,1,Agence Benin Press,National,"On 25 June, some Fulani herdmen reportedly killed 2 civilians in Igbo-Igana, Idigny, after a cattle theft.",2,1561468964
204,BEN182,182,20180628,2018,1,Protests,Peaceful protest,Protesters (Benin),,6,,,0,60,Western Africa,Benin,Plateau,Pobe,,Pobe,6.98,2.665,1,Agence Benin Press,National,"On 28 June, workers of a research centre in agriculture held a sit-in in Pobe to ask for better work conditions.",0,1561468964
204,BEN183,183,20180630,2018,1,Violence against civilians,Attack,Tchanwasaga Communal Militia (Benin),,4,Civilians (Benin),Fulani Ethnic Group (Benin),7,47,Western Africa,Benin,Atacora,Tanguieta,,Tanguieta,10.621,1.266,2,Agence Benin Press,National,"On 30 June, Tchanwasaga people raided and looted Fulani camps around Tchanwasaga, Tanguieta, wounding a baby and a women.",0,1561468964
204,BEN184,184,20180707,2018,1,Violence against civilians,Attack,Fulani Ethnic Militia (Benin),Pastoralists (Benin),4,Civilians (Benin),,7,47,Western Africa,Benin,Atacora,Materi,,Tchamonga,10.588,0.813,1,Agence Benin Press,National,"On 7 July, suspected Fulani herders killed a farmer in Tchamonga, Cobly. People from Tchamonga retaliated the same day, killing 5 Fulani herders and 2 other displaced people near Tchamonga and burning down properties. 5000 people were displaced to neighbouring communes.",1,1561468964
204,BEN185,185,20180707,2018,1,Violence against civilians,Attack,Tchamonga Communal Militia (Benin),,4,Civilians (Benin),Fulani Ethnic Group (Benin),7,47,Western Africa,Benin,Atacora,Materi,,Tchamonga,10.588,0.813,2,Agence Benin Press,National,"On 7 July, suspected Fulani herders killed a farmer in Tchamonga, Cobly. People from Tchamonga retaliated the same day, killing 5 Fulani herders and 2 other displaced people near Tchamonga and burning down properties. 5000 people were displaced to neighbouring communes.",7,1561468964
204,BEN186,186,20180808,2018,1,Protests,Peaceful protest,Protesters (Benin),Taxi Drivers (Benin),6,,,0,60,Western Africa,Benin,Zou,Bohicon,,Bohicon,7.178,2.067,1,Agence Benin Press,National,"On 8 August, moto-taxi drivers protested in Bohicon, Zou, against the payment of ""taxi rights"".",0,1561468964
204,BEN187,187,20180825,2018,1,Violence against civilians,Attack,Unidentified Armed Group (Benin),,3,Civilians (Benin),,7,37,Western Africa,Benin,Zou,Bohicon,,Bohicon,7.178,2.067,2,Agence Benin Press,National,"On August 25th, a man was killed in Honmeho, Bohicon municipality. The identity of the attackers is unknown, although local sources indicated that the man was known for thieving, implying that a vigilante group might have been involved.",1,1561468964
204,BEN188,188,20180910,2018,1,Protests,Protest with intervention,Protesters (Benin),,6,Police Forces of Benin (2016-),Government of Benin (2016-),1,16,Western Africa,Benin,Atacora,Toucountouna,,Toucountouna,10.503,1.374,1,Agence Benin Press,National,"On September 10th, protesters gathered at Toucountouna (Atakora), to demand the resignation of the mayor, accusing him of absenteeism since a majority of councillors voted to initiate impeachment proceedings against the mayor in August. The mayor refused to step down, and police blocked the protesters from entering the town hall.",0,1561468964
204,BEN189,189,20181118,2018,1,Riots,Mob violence,Rioters (Benin),,5,Rioters (Benin),,5,55,Western Africa,Benin,Zou,Bohicon,Saclo,Saclo,7.187,2.121,1,Agence Benin Press,National,"On November 18th, a fist fight related to a local political dispute broke out in Saclo (Zou). Three local councillors were injured in the incident.",0,1561468964
204,BEN190,190,20181214,2018,1,Protests,Peaceful protest,Protesters (Benin),,6,,,0,60,Western Africa,Benin,Atacora,Natitingou,,Natitingou,10.307,1.375,1,Agence Benin Press,National,"14 December. Mayors of Atokara, accompanied by citizens, protested in Natitingou and demanded action against the circulation of alcohol",0,1561468964
204,BEN191,191,20190105,2019,1,Violence against civilians,Abduction/forced disappearance,Pirates (Benin),,3,Civilians (International),Civilians (Russia),7,37,Western Africa,Benin,Oueme,Porto-Novo,,Porto-Novo,6.483,2.617,3,Facebook,Other,"On January 5, off the coast of Benin, pirates took six Russian crewmen as hostages from a cargo ship.",0,1552576415
204,BEN220,220,20190105,2019,1,Riots,Violent demonstration,Rioters (Benin),,5,Police Forces of Benin (2016-),,1,15,Western Africa,Benin,Alibori,Kandi,,Kandi,11.134,2.939,1,Banouto,National,01 May. in Kandi acts of vandalism were recorded that are related to the legislative election held on April 28. Rioters burned down the cotton factory of President Talon.  [size=no report],0,1558991802
204,BEN221,221,20190105,2019,1,Riots,Violent demonstration,Rioters (Benin),,5,Police Forces of Benin (2016-); Military Forces of Benin (2016-),,1,15,Western Africa,Benin,Littoral,Cotonou,,Cotonou,6.35,2.433,1,Banouto,National,01 May. Rioters vandalized in Cotonou to protest the legislative election held on April 28 and the alleged arrest of former President Yayi. Private and Public property were burned or destroyed during the riots. The riots were sparked by rumours that the former President Yayi is to be arrested. Rioters threw stones at Police forces who responded with teargas. [size=no report],0,1558991802
204,BEN192,192,20190109,2019,1,Protests,Peaceful protest,Protesters (Benin),,6,,,0,60,Western Africa,Benin,Mono,Lokossa,,Lokossa,6.63,1.72,1,La Nouvelle (Benin),National,09 January. Victims of the lCC Services hit the streets of Lokossa and marched peacefully to demand re-imbursements for their losses in the company,0,1561468964
204,BEN193,193,20190109,2019,1,Battles,Armed clash,Hetin-Sota Communal Militia (Benin),Farmers (Benin),4,Agongue Communal Militia (Benin),Farmers (Benin),4,44,Western Africa,Benin,Oueme,Dangbo,,Hetin-Sota,6.586,2.492,1,La Nouvelle (Benin),National,09 January. Farmers of Hetin Sota and Agongue clashed over a ransacked plantage. Four killed and at least seven injured,4,1561468964
204,BEN194,194,20190131,2019,1,Protests,Peaceful protest,Protesters (Benin),Teachers (Benin); Labour Group (Benin),6,,,0,60,Western Africa,Benin,Littoral,Cotonou,,Cotonou,6.35,2.433,1,La Nouvelle (Benin),National,31 January. The Union of higher education teachers organized a sit-in at the Ministry of Higher Education and Scientific Research in Cotonou to protest against the appointment of deans of faculties and directors of schools by the government.,0,1561468964
204,BEN195,195,20190205,2019,1,Violence against civilians,Attack,Unidentified Armed Group (Nigeria),,3,Civilians (Benin),Fulani Ethnic Group (Benin),7,37,Western Africa,Benin,Plateau,Ketou,,Adakplame,7.454,2.547,1,Agence Benin Press,National,"05 February. A Fulani was shot by unidentified gunmen in Kinwo village, near Adakplame",1,1561468964
204,BEN196,196,20190217,2019,1,Riots,Violent demonstration,Rioters (Benin),,5,,,0,50,Western Africa,Benin,Atacora,Tanguieta,,Tanguieta,10.621,1.266,1,La Nation (Benin),National,17 February. Traditional hunters barricaded a highway in Tanguita with rocks and burning tyres to protest against the ban of motorcycles in parts of the Pendjari Biosphere Reserve,0,1552576398
204,BEN197,197,20190225,2019,1,Protests,Protest with intervention,Protesters (Benin),USL: Social Liberal Union,6,Police Forces of Benin (2016-),,1,16,Western Africa,Benin,Oueme,Seme-Kpodji,,Seme Kpodji,6.367,2.617,1,Banouto,National,25 February. Protesters took the streets in Porto-Novo and Seme-Podji to protest for inclusive election. Police made arrests and dispersed the crowd as protest took place spontanously without permit [size=no report],0,1554749630
204,BEN198,198,20190225,2019,1,Protests,Protest with intervention,Protesters (Benin),USL: Social Liberal Union,6,Police Forces of Benin (2016-),,1,16,Western Africa,Benin,Oueme,Porto-Novo,,Porto-Novo,6.483,2.617,1,Banouto,National,25 February. Protesters hit the streets in Porto-Novo and Seme-Podji to protest for inclusive election. Police made arrests and dispersed the crowd as protest took place spontanously without permit [size=no report],0,1554749630
204,BEN199,199,20190225,2019,1,Riots,Violent demonstration,Rioters (Benin),USL: Social Liberal Union,5,Police Forces of Benin (2016-),,1,15,Western Africa,Benin,Borgou,Tchaourou,,Tchaourou,8.886,2.598,2,Banouto,National,25 February. Rioters barricaded the Cotonou-Parakou highway between Ouesse and Tchaouro with burning tyres and planks to raise awareness for the situation of opposition parties in April 2019 elections. Police cleared the road and re-opened it for traffic [size=no report],0,1554749630
204,BEN200,200,20190225,2019,1,Riots,Violent demonstration,Rioters (Benin),USL: Social Liberal Union,5,Police Forces of Benin (2016-),,1,15,Western Africa,Benin,Atlantique,Allada,,Allada,6.666,2.151,1,La Nouvelle (Benin),National,25 February. Rioters barricaded an interstate in Allada and Tori to protest for inclusive elections in April 2019. Police dispersed the crowd with the use of force [size=no report],0,1561468964
204,BEN201,201,20190225,2019,1,Riots,Violent demonstration,Rioters (Benin),USL: Social Liberal Union,5,Police Forces of Benin (2016-),,1,15,Western Africa,Benin,Atlantique,Tori-Bossito,,Tori-Bossito,6.503,2.144,1,La Nouvelle (Benin),National,25 February. Rioters barricaded an interstate in Allada and Tori to call for inclusive elections in April 2019. Police dispersed the crowd with the use of force [size=no report],0,1561468964
204,BEN202,202,20190226,2019,1,Riots,Mob violence,Rioters (Benin),USL: Social Liberal Union,5,Police Forces of Benin (2016-),,1,15,Western Africa,Benin,Collines,Ouesse,,Kilibo,8.576,2.6,1,Agence Benin Press; Banouto,National,26 February. Police and rioters clashed in Kilibo. Rioters demanded the participation of opposition parties in the legislative election in April and blocked the road. Police dispersed the crowd with teargas. 10 security forces and three rioters injured. One rioter killed [size=no report],1,1561468964
204,BEN203,203,20190311,2019,1,Protests,Peaceful protest,Protesters (Benin),FCBE: Cowry Forces for an Emerging Benin; USL: Social Liberal Union; PRB: Renaissance Party of Benin; RE: Restore the Hope; PLP: Party for the Liberation of the People; PCB: Communist Party of Benin,6,,,0,60,Western Africa,Benin,Littoral,Cotonou,,Cotonou,6.35,2.433,1,AFP; La Nouvelle (Benin),National-International,11 March. Opposition parties in Cotonou protested their exclusion in the upcoming legislative election [size=20000],0,1561468964
204,BEN204,204,20190315,2019,1,Riots,Violent demonstration,Rioters (Benin),Prisoners (Benin),5,,,0,50,Western Africa,Benin,Oueme,Akpro-Misserete,,Misserete,6.559,2.591,1,Banouto,National,15 March. Detainees in Akpro-Misserete Civil Prison in Porto Novo vandalized and burnt rooms in the facilitiy to protest new regulations imposed by the prison administration [size=no report],0,1553544834
204,BEN206,206,20190404,2019,1,Protests,Peaceful protest,Protesters (Benin),,6,,,0,60,Western Africa,Benin,Couffo,Aplahoue,,Azove,6.947,1.702,1,AFP; La Nouvelle (Benin),National-International,"04 April. Protesters in Dogbo, Azove, Toviklin, Djakotomey, Lalo and Cotonou demanded fair and inclusive legislative elections. Protest in Cotonou was dispersed by Police forces [size=hundreds in total]",0,1561468964
204,BEN207,207,20190404,2019,1,Protests,Peaceful protest,Protesters (Benin),,6,,,0,60,Western Africa,Benin,Couffo,Toviklin,,Toviklin,6.889,1.837,1,AFP; La Nouvelle (Benin),National-International,"04 April. Protesters in Dogbo, Azove, Toviklin, Djakotomey, Lalo and Cotonou demanded fair and inclusive legislative elections. Protest in Cotonou was dispersed by Police forces [size=hundreds in total]",0,1561468964
204,BEN205,205,20190404,2019,1,Protests,Peaceful protest,Protesters (Benin),,6,,,0,60,Western Africa,Benin,Couffo,Dogbo,,Dogbo,6.799,1.781,1,AFP; La Nouvelle (Benin),National-International,"04 April. Protesters in Dogbo, Azove, Toviklin, Djakotomey, Lalo and Cotonou demanded fair and inclusive legislative elections. Protest in Cotonou was dispersed by Police forces [size=hundreds in total]",0,1561468964
204,BEN208,208,20190404,2019,1,Protests,Peaceful protest,Protesters (Benin),,6,,,0,60,Western Africa,Benin,Couffo,Djakotomey,,Djakotomey,6.898,1.692,1,AFP; La Nouvelle (Benin),National-International,"04 April. Protesters in Dogbo, Azove, Toviklin, Djakotomey, Lalo and Cotonou demanded fair and inclusive legislative elections. Protest in Cotonou was dispersed by Police forces [size=hundreds in total]",0,1561468964
204,BEN209,209,20190404,2019,1,Protests,Peaceful protest,Protesters (Benin),,6,,,0,60,Western Africa,Benin,Couffo,Lalo,,Lalo,6.929,1.89,1,AFP; La Nouvelle (Benin),National-International,"04 April. Protesters in Dogbo, Azove, Toviklin, Djakotomey, Lalo and Cotonou demanded fair and inclusive legislative elections. Protest in Cotonou was dispersed by Police forces [size=hundreds in total]",0,1561468964
204,BEN210,210,20190404,2019,1,Protests,Protest with intervention,Protesters (Benin),,6,Police Forces of Benin (2016-),,1,16,Western Africa,Benin,Littoral,Cotonou,,Cotonou,6.35,2.433,1,AFP; La Nouvelle (Benin),National-International,"04 April. Protesters in Dogbo, Azove, Toviklin, Djakotomey, Lalo and Cotonou demanded fair and inclusive legislative elections. Protest in Cotonou was dispersed by Police forces [size=hundreds in total]",0,1561468964
204,BEN211,211,20190423,2019,1,Protests,Protest with intervention,Protesters (Benin),PRD: Democratic Renewal Party; Women (Benin),6,Police Forces of Benin (2016-),,1,16,Western Africa,Benin,Oueme,Porto-Novo,,Porto-Novo,6.483,2.617,1,Benin 24,National,23 April. Market women protested in Porto-Novo and demanded the participation of the PRD in the upcoming elections. Police forces intervened and stopped the protest. [size=no report],0,1559160524
204,BEN212,212,20190427,2019,1,Riots,Violent demonstration,Rioters (Benin),,5,Police Forces of Benin (2016-),,1,15,Western Africa,Benin,Collines,Save,,Save,8.034,2.487,1,Benin 24,National,27 April. Rioters blocked a road in Save to protest the legislative election. Police called for reinforcements to control the situation. Injuries on both sides were reported. [size=no report],0,1556572282
204,BEN213,213,20190427,2019,1,Strategic developments,Looting/property destruction,Unidentified Armed Group (Benin),,3,Civilians (Benin),CENA: Autonomous National Electoral Commission,7,37,Western Africa,Benin,Borgou,Tchaourou,,Alafiarou,9.903,3.416,1,Benin 24,National,27 April. Unknown actors destroyed election materials of the Autonomous National Electoral Commission (CENA) in Alafiarou ahead of the legislative elections.,0,1556572282
204,BEN214,214,20190427,2019,1,Strategic developments,Looting/property destruction,Unidentified Armed Group (Benin),,3,Civilians (Benin),CENA: Autonomous National Electoral Commission,7,37,Western Africa,Benin,Oueme,Adjohoun,,Akpotonou,6.764,2.481,1,Benin 24,National,27 April. Unknown actors destroyed election materials of the Autonomous National Electoral Commission (CENA) in Akpadanou ahead of the legislative elections.,0,1556572282
204,BEN215,215,20190427,2019,1,Riots,Violent demonstration,Rioters (Benin),,5,Police Forces of Benin (2016-),,1,15,Western Africa,Benin,Borgou,Tchaourou,,Tchaourou,8.886,2.598,1,Benin 24,National,27 April. Rioters blocked a road in Tchaourou and burned down a police vehicle. Police forces later controlled the crowd. [size=no report],0,1556572282
204,BEN216,216,20190428,2019,1,Riots,Mob violence,Rioters (Benin),,5,Rioters (Benin),,5,55,Western Africa,Benin,Borgou,Parakou,,Parakou,9.35,2.617,1,Banouto,National,28 April. Violence erupted between rivaling party militias in Parakou leading to one death. [size=no report],1,1557247985
204,BEN217,217,20190428,2019,1,Riots,Violent demonstration,Rioters (Benin),,5,Civilians (Benin),Journalists (Benin),7,57,Western Africa,Benin,Borgou,Tchaourou,,Tchaourou,8.886,2.598,1,Banouto,National,28 April. Rioters that protested the exclusion of opposition parties in the legislative elections attacked a vehicle of the national television. One person sustained injuries.,0,1557247985
204,BEN218,218,20190428,2019,1,Riots,Violent demonstration,Rioters (Benin),,5,Police Forces of Benin (2016-),,1,15,Western Africa,Benin,Collines,Bante,,Bante,8.413,1.892,1,Banouto,National,28 April. Protesters against the elections and Police forces clashed in Bante. One person killed. [size=no report],1,1557247985
204,BEN219,219,20190428,2019,1,Riots,Violent demonstration,Rioters (Benin),,5,Police Forces of Benin (2016-),,1,15,Western Africa,Benin,Collines,Save,,Save,8.034,2.487,1,Banouto,National,28 April. Rioters protesting the exclusion of opposition parties burned police vehicles in Save and clashed with Police forces. [size=no report],0,1557247985
204,BEN223,223,20190501,2019,1,Violence against civilians,Attack,Unidentified Armed Group (Benin),,3,Civilians (Benin),,7,37,Western Africa,Benin,Atacora,Kerou,,Pendjari National Park,11.05,1.517,1,Reuters,International,01 May. An unidentified armed group killed a park ranger in Pendjari NP and abducted two french tourists. The tourists were later brought to Burkina Faso and rescued by French military.,1,1558389800
204,BEN222,222,20190502,2019,1,Riots,Violent demonstration,Rioters (Benin),,5,Police Forces of Benin (2016-); Military Forces of Benin (2016-),,1,15,Western Africa,Benin,Littoral,Cotonou,,Cotonou,6.35,2.433,1,AFP; Banouto,National-International,02 May. Riots in the Cotonou neighbourhood of former President Yayi resumed. Roads leading to his residency were barricaded with burning tyres. Military forces used teargas and fired gunshots to calm the situation and disperse the crowd. Three people killed. [size=hundreds],3,1561468964
204,BEN224,224,20190503,2019,1,Battles,Armed clash,Unidentified Armed Group (Benin),,3,Police Forces of Benin (2016-),,1,13,Western Africa,Benin,Atacora,Kerou,,Kerou,10.826,2.105,1,Banouto; Benin 24,National,03 May. A group of youth fired into the crowd at the enthronement ceremony of a local chiefin Kerou. Police forces responded with gunshots. Six people were killed.,6,1561468964
204,BEN225,225,20190531,2019,2,Battles,Armed clash,Fulani Ethnic Militia (Benin),,4,Unidentified Ethnic Militia (Benin),Farmers (Benin),4,44,Western Africa,Benin,Collines,Dassa Zoume,,Akofodjoule,7.694,2.267,1,La Nouvelle (Benin),National,31 May (or around). A local farmer and a pastoralist got engaged in a an argument over land in Akofofjoule that resulted in the death of the pastoralist.,1,1561468964
204,BEN226,226,20190602,2019,2,Violence against civilians,Attack,Fulani Ethnic Militia (Benin),Pastoralists (Benin),4,Civilians (Benin),,7,47,Western Africa,Benin,Collines,Dassa Zoume,,Akofodjoule,7.694,2.267,1,La Nouvelle (Benin),National,02 June (or around). Fulani militias attacked Akofofjoule in Dassa-Zoume and killed four residents as reprisal to the death of a pastoralist a few days earlier.,4,1561468964
204,BEN227,227,20190610,2019,1,Riots,Violent demonstration,Rioters (Benin),,5,,,0,50,Western Africa,Benin,Borgou,Tchaourou,,Tchaourou,8.886,2.598,1,Banouto,National,10 June. Residents of Tchaourou barricaded a main road in the town to protest the arrest of suspected leaders of the riots during the legislative election end of April. Tires were burnt and a police station invaded. [size=no report],0,1560806716
204,BEN228,228,20190611,2019,1,Riots,Violent demonstration,Rioters (Benin),,5,Police Forces of Benin (2016-),,1,15,Western Africa,Benin,Borgou,Tchaourou,,Tchaourou,8.886,2.598,1,Banouto,National,11 June. Violent demonstrations. in Tchaourou resumed on Tuesday with police using live ammunition and teargas to removed the barricade on the road and disperse the crowd. Two people were injured. [size=no report],0,1560806716
204,BEN229,229,20190612,2019,1,Riots,Violent demonstration,Rioters (Benin),,5,Police Forces of Benin (2016-),,1,15,Western Africa,Benin,Borgou,Tchaourou,,Tchaourou,8.886,2.598,1,Banouto,National,12 June. Violent demonstrations in Tchaourou resumed on Wednesday with police using live ammunition and teargas to disperse the crowd. Two people were injured. [size=no report],0,1560806716
204,BEN230,230,20190613,2019,1,Battles,Armed clash,Tchaourou Communal Militia (Benin),,4,Police Forces of Benin (2016-),,1,14,Western Africa,Benin,Borgou,Tchaourou,,Tchaourou,8.886,2.598,1,Banouto; Benin 24,National,13 June. Demonstrators in Tchaourou were reinforced by hunters from surrounding villages that engaged police forces in a gun battle. Security forces overpowered the groups and cleared barricaded roads . [size=no report],0,1560806716
204,BEN231,231,20190613,2019,1,Battles,Armed clash,Save Communal Militia (Benin),,4,Military Forces of Benin (2016-),,1,14,Western Africa,Benin,Collines,Save,,Save,8.034,2.487,1,Benin 24,National,"13 June. Following demonstrations in Tchaourou, residents of Save barricaded a road to prevent a military convoy from accessing Tchaourou. This resulted in a gun battle between Save residents and military forces, resulting in one fatality and several injuries.",1,1560806716
204,BEN232,232,20190614,2019,1,Riots,Violent demonstration,Rioters (Benin),,5,,,0,50,Western Africa,Benin,Borgou,Tchaourou,,Tchaourou,8.886,2.598,1,Banouto,National,14 June. Violent demonstrations continued in Tchaourou with new barricades erected by demonstrators. Gunshots were heard from the scene but there were no reports of an armed clash. [size=no report],0,1560806716
204,BEN233,233,20190615,2019,1,Riots,Violent demonstration,Rioters (Benin),,5,Police Forces of Benin (2016-),,1,15,Western Africa,Benin,Borgou,Tchaourou,,Tchaourou,8.886,2.598,1,Benin 24; Vanguard (Nigeria),National-International,"15 June. Security forces cleared barricaded roads in Tchaourou and used ammunition to disperse demonstrators. Two demonstrators were killed, 50 people wounded including 10 security forces. [size=no report]",2,1560806716
